CarTraffic1,https://cdn-icons-png.flaticon.com/128/2175/2175411.png,https://cdn-icons-png.flaticon.com/128/15029/15029062.png,https://cdn-icons-png.flaticon.com/128/4011/4011399.png,https://cdn-icons-png.flaticon.com/128/658/658433.png,https://cdn-icons-png.flaticon.com/128/11644/11644166.png,https://cdn-icons-png.flaticon.com/128/7923/7923380.png,https://cdn-icons-png.flaticon.com/128/1018/1018675.png,https://cdn-icons-png.flaticon.com/128/18689/18689388.png,https://cdn-icons-png.flaticon.com/128/9924/9924684.png,https://cdn-icons-png.flaticon.com/128/12417/12417152.png
demo1b-Wolverine-dragons,https://cdn-icons-png.flaticon.com/128/14062/14062013.png,https://cdn-icons-png.flaticon.com/128/3262/3262558.png,https://cdn-icons-png.flaticon.com/128/1507/1507124.png,https://cdn-icons-png.flaticon.com/128/2790/2790435.png,https://cdn-icons-png.flaticon.com/128/16525/16525834.png,https://cdn-icons-png.flaticon.com/128/685/685022.png,https://cdn-icons-png.flaticon.com/128/1505/1505465.png,https://cdn-icons-png.flaticon.com/128/4910/4910995.png,https://cdn-icons-png.flaticon.com/128/8568/8568554.png,https://cdn-icons-png.flaticon.com/128/9920/9920949.png
Wizard1,https://cdn-icons-png.flaticon.com/128/1680/1680365.png,https://cdn-icons-png.flaticon.com/128/2732/2732391.png,https://cdn-icons-png.flaticon.com/128/10033/10033388.png,https://cdn-icons-png.flaticon.com/128/2850/2850625.png,https://cdn-icons-png.flaticon.com/128/867/867906.png,https://cdn-icons-png.flaticon.com/128/3619/3619374.png,https://cdn-icons-png.flaticon.com/128/867/867845.png,https://cdn-icons-png.flaticon.com/128/8913/8913839.png,https://cdn-icons-png.flaticon.com/128/2139/2139359.png,https://cdn-icons-png.flaticon.com/128/3426/3426143.png
NinjaTurtles,https://cdn-icons-png.flaticon.com/128/1507/1507155.png,https://cdn-icons-png.flaticon.com/128/1507/1507099.png,https://cdn-icons-png.flaticon.com/128/1507/1507104.png,https://cdn-icons-png.flaticon.com/128/1507/1507221.png,https://cdn-icons-png.flaticon.com/128/9256/9256790.png,https://cdn-icons-png.flaticon.com/128/12472/12472855.png,https://cdn-icons-png.flaticon.com/128/1507/1507238.png,https://cdn-icons-png.flaticon.com/128/5578/5578535.png,https://cdn-icons-png.flaticon.com/128/7079/7079711.png,https://cdn-icons-png.flaticon.com/128/5527/5527064.png
PacMan1,https://cdn-icons-png.flaticon.com/128/11379/11379091.png,https://cdn-icons-png.flaticon.com/128/13929/13929021.png,https://cdn-icons-png.flaticon.com/128/11383/11383207.png,https://cdn-icons-png.flaticon.com/128/13822/13822949.png,https://cdn-icons-png.flaticon.com/128/15636/15636528.png,https://cdn-icons-png.flaticon.com/128/6742/6742720.png,https://cdn-icons-png.flaticon.com/128/2163/2163350.png,https://cdn-icons-png.flaticon.com/128/8822/8822223.png,https://cdn-icons-png.flaticon.com/128/17235/17235366.png,https://cdn-icons-png.flaticon.com/128/6387/6387581.png
Jungle1,https://cdn-icons-png.flaticon.com/128/3251/3251231.png,https://cdn-icons-png.flaticon.com/128/3501/3501292.png,https://cdn-icons-png.flaticon.com/128/3788/3788222.png,https://cdn-icons-png.flaticon.com/128/3819/3819195.png,https://cdn-icons-png.flaticon.com/128/10922/10922193.png,https://cdn-icons-png.flaticon.com/128/8029/8029256.png,https://cdn-icons-png.flaticon.com/128/2991/2991502.png,https://cdn-icons-png.flaticon.com/128/190/190905.png,https://cdn-icons-png.flaticon.com/128/7922/7922738.png,https://cdn-icons-png.flaticon.com/128/1777/1777022.png
Alien1,https://cdn-icons-png.flaticon.com/128/18284/18284410.png,https://cdn-icons-png.flaticon.com/128/4925/4925652.png,https://cdn-icons-png.flaticon.com/128/4925/4925762.png,https://cdn-icons-png.flaticon.com/128/10720/10720813.png,https://cdn-icons-png.flaticon.com/128/10201/10201562.png,https://cdn-icons-png.flaticon.com/128/560/560876.png,https://cdn-icons-png.flaticon.com/128/6580/6580111.png,https://cdn-icons-png.flaticon.com/128/80/80643.png,https://cdn-icons-png.flaticon.com/128/6580/6580141.png,https://cdn-icons-png.flaticon.com/128/433/433871.png
Christmas1,https://cdn-icons-png.flaticon.com/128/6235/6235300.png,https://cdn-icons-png.flaticon.com/128/2242/2242537.png,https://cdn-icons-png.flaticon.com/128/2336/2336287.png,https://cdn-icons-png.flaticon.com/128/9085/9085137.png,https://cdn-icons-png.flaticon.com/128/3835/3835774.png,https://cdn-icons-png.flaticon.com/128/6285/6285672.png,https://cdn-icons-png.flaticon.com/128/6235/6235222.png,https://cdn-icons-png.flaticon.com/128/9004/9004933.png,https://cdn-icons-png.flaticon.com/128/2299/2299172.png,https://cdn-icons-png.flaticon.com/128/9127/9127408.png
pirates1ships,https://cdn-icons-png.flaticon.com/128/2144/2144811.png,https://cdn-icons-png.flaticon.com/128/10437/10437821.png,https://cdn-icons-png.flaticon.com/128/8823/8823135.png,https://cdn-icons-png.flaticon.com/128/2642/2642190.png,https://cdn-icons-png.flaticon.com/128/1326/1326954.png,https://cdn-icons-png.flaticon.com/128/2642/2642229.png,https://cdn-icons-png.flaticon.com/128/6082/6082010.png,https://cdn-icons-png.flaticon.com/128/3528/3528590.png,https://cdn-icons-png.flaticon.com/128/2213/2213319.png,https://cdn-icons-png.flaticon.com/128/5139/5139075.png
pirates2,https://cdn-icons-png.flaticon.com/128/4701/4701974.png,https://cdn-icons-png.flaticon.com/128/1874/1874305.png,https://cdn-icons-png.flaticon.com/128/3490/3490533.png,https://cdn-icons-png.flaticon.com/128/14855/14855940.png,https://cdn-icons-png.flaticon.com/128/771/771221.png,https://cdn-icons-png.flaticon.com/128/1355/1355968.png,https://cdn-icons-png.flaticon.com/128/14848/14848783.png,https://cdn-icons-png.flaticon.com/128/475/475453.png,https://cdn-icons-png.flaticon.com/128/2642/2642195.png,https://cdn-icons-png.flaticon.com/128/6436/6436227.png
Chess1,https://cdn-icons-png.flaticon.com/128/864/864639.png,https://cdn-icons-png.flaticon.com/128/1342/1342584.png,https://cdn-icons-png.flaticon.com/128/6378/6378298.png,https://cdn-icons-png.flaticon.com/128/1626/1626883.png,https://cdn-icons-png.flaticon.com/128/6378/6378368.png,https://cdn-icons-png.flaticon.com/128/14233/14233016.png,https://cdn-icons-png.flaticon.com/128/4588/4588595.png,https://cdn-icons-png.flaticon.com/128/864/864636.png,https://cdn-icons-png.flaticon.com/128/3410/3410963.png,https://cdn-icons-png.flaticon.com/128/11389/11389301.png